Water Tubes,A1,0361434238
Water Tubes,A2,0361434271
Water Tubes,A3,0361434270
Water Tubes,A4,0361434246
Water Tubes,A5,0361434262
Water Tubes,A6,0361434263
Water Tubes,A7,0361434254
Water Tubes,A8,0361434273
Water Tubes,A9,0361434239
Water Tubes,A10,0361434247
Water Tubes,A11,0361434255
Water Tubes,A12,0361434233
Water Tubes,B1,0361434241
Water Tubes,B2,0361434258
Water Tubes,B3,0361434240
Water Tubes,B4,0361434280
Water Tubes,B5,0361434257
Water Tubes,B6,0361434266
Water Tubes,B7,0361434279
Water Tubes,B8,0361434272
Water Tubes,B9,0361434265
Water Tubes,B10,0361434248
Water Tubes,B11,0361434256
Water Tubes,B12,0361434264
Water Tubes,C1,0361433027
Water Tubes,C2,0361434222
Water Tubes,C3,0361434224
Water Tubes,C4,0361434283
Water Tubes,C5,0361434275
Water Tubes,C6,0361434251
Water Tubes,C7,0361434230
Water Tubes,C8,0361434259
Water Tubes,C9,0361434250
Water Tubes,C10,0361434232
Water Tubes,C11,0361434274
Water Tubes,C12,0361434249
Water Tubes,D1,0361434226
Water Tubes,D2,0361434282
Water Tubes,D3,0361434216
Water Tubes,D4,0361434235
Water Tubes,D5,0361434215
Water Tubes,D6,0361434225
Water Tubes,D7,0361434190
Water Tubes,D8,0361434234
Water Tubes,D9,0361434243
Water Tubes,D10,0361434267
Water Tubes,D11,0361434242
Water Tubes,D12,0361434223
Water Tubes,E1,0361434269
Water Tubes,E2,0361434244
Water Tubes,E3,0361434261
Water Tubes,E4,0361434252
Water Tubes,E5,0361434197
Water Tubes,E6,0361434276
Water Tubes,E7,0361434217
Water Tubes,E8,0361434284
Water Tubes,E9,0361434206
Water Tubes,E10,0361434214
Water Tubes,E11,0361434268
Water Tubes,E12,0361434260
Water Tubes,F1,0361434277
Water Tubes,F2,0361434221
Water Tubes,F3,0361434220
Water Tubes,F4,0361434219
Water Tubes,F5,0361434229
Water Tubes,F6,0361434237
Water Tubes,F7,0361434228
Water Tubes,F8,0361434245
Water Tubes,F9,0361434227
Water Tubes,F10,0361434218
Water Tubes,F11,0361434236
Water Tubes,F12,0361434253
Water Tubes,G1,0361434207
Water Tubes,G2,0361434201
Water Tubes,G3,0361434204
Water Tubes,G4,0361434202
Water Tubes,G5,0361434203
Water Tubes,G6,0361434208
Water Tubes,G7,0361434205
Water Tubes,G8,0361434209
Water Tubes,G9,0361434210
Water Tubes,G10,0361434213
Water Tubes,G11,0361434211
Water Tubes,G12,0361434212
Water Tubes,H1,0361434469
Water Tubes,H2,0361434278
Water Tubes,H3,0361434198
Water Tubes,H4,0361434191
Water Tubes,H5,0361434285
Water Tubes,H6,0361434192
Water Tubes,H7,0361434193
Water Tubes,H8,0361434199
Water Tubes,H9,0361434196
Water Tubes,H10,0361434195
Water Tubes,H11,0361434194
Water Tubes,H12,0361434200
